Name,Age,Salary
John,28,55000.00000000001
Anna,24,60500.00000000001
Peter,35,66000.0
Linda,32,71500.0
